"Reference","Qty","Value","Footprint","Manufacturer","MPN"
"C1,C2","2","1uF","Capacitor_SMD:C_0805_2012Metric","Murata","GRM21BR71C105KA01L"
"D1","1","5V TVS","Diode_SMD:D_SOD-323","Nexperia","PESD5V0S1UA,115"
"D2","1","GREEN","LED_SMD:LED_0805_2012Metric","Kingbright","APT2012LZGCK"
"F1","1","500mA","Fuse:Fuse_1206_3216Metric","Littelfuse","1206L050/15YR"
"J1","1","USB_C_Receptacle_USB2.0_16P","Connector_USB:USB_C_Receptacle_GCT_USB4105-xx-A_16P_TopMnt_Horizontal","GCT","USB4105-GF-A-120"
"J2,J3","2","Conn_01x04_Pin","Connector_PinHeader_2.54mm:PinHeader_1x04_P2.54mm_Vertical","Würth Elektronik","61300411121"
"R1,R2","2","5.1k","Resistor_SMD:R_0805_2012Metric","YAGEO","RC0805FR-075K1L"
"R3","1","1k","Resistor_SMD:R_0805_2012Metric","YAGEO","RC0805FR-071KL"
"R4,R5","2","4.7k","Resistor_SMD:R_0805_2012Metric","YAGEO","RC0805FR-074K7L"
"U1","1","AP2112K-3.3","Package_TO_SOT_SMD:SOT-23-5","Diodes Incorporated","AP2112K-3.3TRG1"
